{"cameraMode":{"drawMode":0,"name":"Shaded","section":"Shading Mode"},"sceneLighting":true,"audioPlay":false,"sceneViewState":{"showFog":true,"showMaterialUpdate":true,"showSkybox":true,"showFlares":true,"showImageEffects":true,"showParticleSystems":true},"in2DMode":false,"pivot":{"x":7.633082866668701,"y":1.8263232707977296,"z":-1.9120861291885377},"rotation":{"x":0.1039879247546196,"y":-0.8327996134757996,"z":0.16734124720096589,"w":0.5173943042755127},"size":0.8444544672966003,"orthographic":false}